url,title
https://github.com/loiluu,loiluu (Loi Luu) · GitHub
http://training.github.com,GitHub Training
https://help.github.com/articles/why-are-my-contributions-not-showing-up-on-my-profile/,"
  
    
      Why are my contributions not showing up on my profile? - User Documentation
    
  
  "
http://training.github.com/contact/,Contact us • GitHub Training
https://twitter.com/GitHubTraining,GitHub Training (@githubtraining) | Twitter
https://github.com,"GitHub · Build software better, together."
https://github.com/contact,Contact GitHub · GitHub
https://enterprise.github.com/,GitHub Enterprise - The best way to build and ship software
https://training.github.com/kit/license.html,GitHub Training
https://github.com/about,About · GitHub
http://training.github.com/,GitHub Training
https://help.github.com/articles/github-terms-of-service/,"
  
    
      GitHub Terms of Service - User Documentation
    
  
  "
https://help.github.com/articles/github-security/,"
  
    
      GitHub Security - User Documentation
    
  
  "
https://mac.github.com/,GitHub for Mac
https://help.github.com/articles/github-privacy-policy/,"
  
    
      GitHub Privacy Policy - User Documentation
    
  
  "
https://status.github.com,GitHub System Status
https://github.com/blog,The GitHub Blog · GitHub
https://help.github.com/articles/responsible-disclosure-of-security-vulnerabilities/,"
  
    
      Responsible Disclosure of Security Vulnerabilities - User Documentation
    
  
  "
https://status.github.com/,GitHub System Status
https://developer.github.com,GitHub Developer
http://en.wikipedia.org/wiki/Payment_Card_Industry_Data_Security_Standard,"Payment Card Industry Data Security Standard - Wikipedia, the free encyclopedia"
https://support.twitter.com/articles/14226-how-to-find-your-twitter-short-code-or-long-code,Twitter Help Center | Tweeting via text message
http://matasano.com/,Matasano Security - Home
https://github.com/,"GitHub · Build software better, together."
https://developer.github.com/,GitHub Developer
https://twitter.com/githubtraining,GitHub Training (@githubtraining) | Twitter
https://twitter.com/githubsecurity,GitHub Security (@GitHubSecurity) | Twitter
https://www.mapbox.com/tos/,Terms of service | Mapbox
https://bounty.github.com/submit-a-vulnerability.html,"
    
      GitHub Bug Bounty · Vulnerability submission
    
    "
https://github.myshopify.com/,GitHub Shop
https://github.com/features/,Features · GitHub
https://dev.twitter.com/,Twitter Developers
https://bounty.github.com/researchers/joernchen.html,"
    
      GitHub Bug Bounty · joernchen of Phenoelit
    
    "
http://github.myshopify.com/products/piratocat-shirt,GitHub Shop
https://twitter.com/privacy?lang=en,Privacy Policy | Twitter
https://twitter.com/mapbox,Mapbox (@Mapbox) | Twitter
https://github.com/octocat,octocat (The Octocat) · GitHub
http://www.export.gov/safeharbor/,Export.gov - Main Safe Harbor Homepage
https://dev.twitter.com,Twitter Developers
https://twitter.com/i/directory/profiles,Twitter / Profiles Directory / a - azzzzzzzzzz
https://twitter.com/tos?lang=en,Terms of Service | Twitter
https://instagram.com/mapbox,"
Instagram
"
https://about.twitter.com,About Twitter
https://www.mediawiki.org/wiki/How_to_contribute,How to contribute - MediaWiki
https://twitter.com/intent/user?screen_name=Twitter,Twitter (@twitter) on Twitter
https://github.com/blog/1951-github-security-bug-bounty-program-turns-one,GitHub Security Bug Bounty program turns one · GitHub
https://business.twitter.com,Grow Your Business | Twitter for Business
https://help.github.com/articles/support-for-subversion-clients/,"
  
    
      Support for Subversion clients - User Documentation
    
  
  "
https://twitter.com/intent/tweet?text=@github%20&related=github&url=https://github.com/blog/1951-github-security-bug-bounty-program-turns-one,Share a link on Twitter
https://github.com/joernchen,joernchen (joernchen of Phenoelit) · GitHub
https://twitter.com/twitter,Twitter (@twitter) | Twitter
https://support.twitter.com/articles/15362-inactive-account-policy,Twitter Help Center | Inactive account policy
https://www.facebook.com/Mapbox,"Mapbox - Washington, District of Columbia - Local Business | Facebook"
https://about.twitter.com/products/list,"Twitter apps for smartphones, tablets and computers"
http://www.phenoelit.org/blog/archives/2013/02/05/mysql_madness_and_rails/index.html,MySQL madness and Rails | Lands of Packets
https://twitter.com/privacy/previous?lang=en,Previous Twitter Privacy Policies | Twitter
https://twitter.com/tos/previous?lang=en,Previous Terms of Service | Twitter
https://twitter.com/signup?context=webintent,Sign up for Twitter
https://itunes.apple.com/us/app/twitter/id409789998?utm_source=gazebo&utm_medium=about&utm_campaign=products%2Flist,Mac App Store - Twitter
https://twitter.com/TwitterSmallBiz,Twitter Small Biz (@TwitterSmallBiz) | Twitter
https://support.twitter.com/articles/18367,Twitter Help Center | Trademark policy
https://itunes.apple.com/us/app/twitter/id409789998,Mac App Store - Twitter
https://blog.twitter.com/2015/commemorating-international-women-s-day-on-twitter,Commemorating International Women’s Day on Twitter | Twitter Blogs
https://wikimediafoundation.org/wiki/Terms_of_Use,Terms of Use - Wikimedia Foundation
https://twitter.com/login?redirect_after_login=https%3A%2F%2Fads.twitter.com%2F%3Flink_region%3Dfooter%26ref%3Dgl-pg-btc-homepage,Login on Twitter
https://support.twitter.com/articles/20169421,Twitter Help Center | About tailored suggestions
https://twitter.com/intent/user?screen_name=TwitterData,Twitter Data (@TwitterData) on Twitter
https://support.twitter.com/forms/trademark,Twitter Help Center 
https://blog.twitter.com/2015/looking-ahead-to-nyfw,Looking ahead to #NYFW | Twitter Blogs
http://shop.wikimedia.org,"
		Wikimedia Shop
	"
https://www.facebook.com/login/identify?ctx=recover,Forgot Password | Can't Log In | Facebook
https://support.twitter.com/articles/20169453,Twitter Help Center | Twitter supports Do Not Track
https://twitter.com/hashtag/MakeItHappen,Tweets about #MakeItHappen hashtag on Twitter
https://twitter.com/login?redirect_after_login=https%3A%2F%2Fsupport.twitter.com%2Fforms%2Ftrademark,Login on Twitter
https://twitter.com/intent/user?screen_name=TwitterFashion,Twitter Fashion (@TwitterFashion) on Twitter
https://twitter.com/hootsuite/status/571901471794597888/photo/1,"Hootsuite on Twitter: ""See how we increased our Twitter engagement rate with just a few easy tweaks: http://t.co/yxADIEfJ9x http://t.co/JGyJTz8ynF"""
https://twitter.com/safety,Safety (@safety) | Twitter
http://wikimediafoundation.org/wiki/Trademark_policy,Trademark policy - Wikimedia Foundation
https://get.adobe.com/reader/otherversions/,Adobe Reader Install for all versions
https://twitter.com/TwitterData/status/573257196487643136/photo/1,"Twitter Data on Twitter: ""If you like our animated maps, here are some more
https://t.co/XOTILeXa6A http://t.co/2Q3nEKLDhi"""
https://developers.facebook.com/?ref=pf,Facebook Developers
https://donate.wikimedia.org/w/index.php?title=Special:FundraiserLandingPage&country=XX&uselang=en&utm_medium=sidebar&utm_source=donate&utm_campaign=C13_wikimediafoundation.org,Make your donation now - Donate
https://twitter.com/Earthjustice/status/574600528765693952/photo/1,"Earthjustice on Twitter: ""RT if you agree that breathing clean air is a right not a privilege  #womensday #makeithappen http://t.co/CveMQ6J4m6 http://t.co/l36YlGM3jL"""
http://wikimediafoundation.org/w/index.php?title=Trademark_policy&oldid=100381,Trademark policy - Wikimedia Foundation
https://twitter.com/FashionCanada/status/574905140337049600/photo/1,"FASHION Magazine on Twitter: ""Fun fur, drug rugs and more outerwear amazingness at #sacai. Which would you wear? #PFW #fashionflock http://t.co/0SWHTrV5vn"""
https://www.youtube.com/watch?v=0yclMui1hTY,NBA Lifestyle: Alice in East London - YouTube
https://meta.wikimedia.org/wiki/Special:Contact/licenseabuse,No email address - Meta
https://meta.wikimedia.org/wiki/Special:Contact/requestlicense,Request a license form - Meta
https://accounts.google.com/ServiceLogin?uilel=3&passive=true&service=youtube&continue=https%3A%2F%2Fwww.youtube.com%2Fsignin%3Fapp%3Ddesktop%26action_handle_signin%3Dtrue%26next%3D%252Fwatch%253Fv%253D0yclMui1hTY%26feature%3Dplaylist%26hl%3Den&hl=en,YouTube
https://twitter.com/safety/status/533369871648567299/photo/1,"Safety on Twitter: ""Stand against bullying. Create your own addition to #TheBullyProjectMural: http://t.co/AeQfWjVVBB http://t.co/VmCqNAQ29w"""
https://www.owasp.org/index.php/Content_Security_Policy,Content Security Policy - OWASP
http://trade.gov/endorse.asp,International Trade Administration Endorsement Disclaimer Policy
https://support.google.com/accounts/?hl=en,Accounts Help
https://developers.facebook.com/blog/post/2015/02/05/upgrade-to-v2-without-code-changes/?ref=hp,Easily upgrade to Graph API v2.x with no code changes
http://meta.wikimedia.org/wiki/Special:Contact/licenseabuse,No email address - Meta
https://accounts.google.com/ServiceLogin?hl=en&continue=https://support.google.com/accounts/%3Fhl%3Den,Sign in - Google Accounts
https://developers.facebook.com/blog/post/2015/02/26/login-migration/?ref=hp,Login Review and API v2.0 Migration Reminder
http://meta.wikimedia.org/wiki/Special:Contact/requestlicense,Request a license form - Meta
https://developers.facebook.com/blog/post/2015/02/04/february-2015-developer-events-for-facebook-and-parse/?ref=hp,February 2015 Developer Events for Facebook and Parse
https://accounts.google.com/SignUp?continue=https%3A%2F%2Fsupport.google.com%2Faccounts%2F%3Fhl%3Den&hl=en,"
  Create your Google Account
  "
https://twitter.com/tobynixon/status/574917622132686848/photo/1,"toby nixon on Twitter: ""@Earthjustice @OccupyMemphis Equality is not domination. http://t.co/aHJXPn6fza"""
https://twitter.com/tobynixon/status/574917890987556864/photo/1,"toby nixon on Twitter: ""@Earthjustice @OccupyMemphis If all men are pigs, then you aren't looking for equality http://t.co/BedR6sYcX7"""
https://support.google.com/recaptcha/,reCAPTCHA Help
https://support.google.com/accounts/answer/1733224?hl=en,Why Google asks for your information at sign-up - Accounts Help
https://support.google.com/accounts/answer/32040?hl=en,Creating a strong password - Accounts Help
https://accounts.google.com/ServiceLogin?hl=en&continue=https://support.google.com/accounts/answer/1733224%3Fhl%3Den,Sign in - Google Accounts
https://accounts.google.com/ServiceLogin?hl=en&continue=https://support.google.com/accounts/answer/32040%3Fhl%3Den,Sign in - Google Accounts
https://groups.google.com/forum/?_escaped_fragment_=forum/recaptcha,reCAPTCHA - Google Groups
https://www.braintreepayments.com/,"
      Accept Payments Online | Mobile Payments Made Easy | Braintree
  "
https://support.twitter.com/articles/20169200-media-settings-and-best-practices,Twitter Help Center | Media settings and best practices
https://developers.facebook.com/docs/apps/changelog,Facebook Platform Changelog
https://accounts.google.com/SignUp?continue=https%3A%2F%2Fsupport.google.com%2Faccounts%2Fanswer%2F1733224%3Fhl%3Den&hl=en,"
  Create your Google Account
  "
https://accounts.google.com/SignUp?continue=https%3A%2F%2Fsupport.google.com%2Faccounts%2Fanswer%2F32040%3Fhl%3Den&hl=en,"
  Create your Google Account
  "
https://developers.facebook.com/policy,Platform Policy
https://donate.wikimedia.org/w/index.php?title=Special:FundraiserLandingPage&country=SG&uselang=en&utm_medium=sidebar&utm_source=donate&utm_campaign=spontaneous,Make your donation now - Donate
https://developers.facebook.com/docs/apps/upgrading/,Facebook Platform Upgrade Guide
https://accounts.google.com/SignUpWithoutGmail?dsh=771326222391030415&continue=https%3A%2F%2Fsupport.google.com%2Faccounts%2Fanswer%2F1733224%3Fhl%3Den,"
  Create your Google Account
  "
https://developers.facebook.com/docs/apps/upgrading,Facebook Platform Upgrade Guide
https://accounts.google.com/SignUpWithoutGmail?dsh=-2058783067582824082&continue=https%3A%2F%2Fsupport.google.com%2Faccounts%2Fanswer%2F32040%3Fhl%3Den,"
  Create your Google Account
  "
https://www.paypal.com/us/webapps/mpp/ua/privacy-full,PayPal
https://support.twitter.com/articles/117063,Twitter Help Center | Blocking users on Twitter
http://cve.mitre.org/cgi-bin/cvename.cgi?name=CVE-2013-0156,"CVE -
CVE-2013-0156
"
https://support.twitter.com/articles/20069937,Twitter Help Center | Flagging media violations in Tweets
https://accounts.google.com/SignUp?dsh=771326222391030415&continue=https%3A%2F%2Fsupport.google.com%2Faccounts%2Fanswer%2F1733224%3Fhl%3Den,"
  Create your Google Account
  "
http://blog.kotowicz.net/2013/01/abusing-mysql-string-arithmetic-for.html,Abusing MySQL string arithmetic for tiny SQL injections
https://groups.google.com/forum/?_escaped_fragment_=forum/recaptcha%5B21-40%5D,reCAPTCHA - Google Groups
https://www.google.com/accounts/recovery/?hl=en&ard=AHwGkRmAMKt_mHK1t2jRvK9_CyK5I4MMddcHc14uzIQ2SbT1pxNtV97aK1IIKWl2VeP79txQ9VxaNK6Tc7ej1ZwZK3GVzFanS8YEC2L4sI3gqCu8liCNvDRfmD0wyL-hInN_BMn2PHm_vVGK6OrMBUsAZDrGztEbCQ,Google Account Recovery
https://support.twitter.com/articles/15789-how-to-report-violations,Twitter Help Center | How to report violations
https://twitter.com/login?redirect_after_login=https%3A%2F%2Fsupport.twitter.com%2Farticles%2F20069937,Login on Twitter
https://support.twitter.com/groups/55-troubleshooting,Twitter Help Center | Troubleshooting
http://blog.kotowicz.net/search/label/zend%20framework,the world. according to koto: zend framework
https://www.rebelmouse.com/iamawoman/?utm_campaign=tw_shoutout&utm_medium=user_share&utm_source=shoutouts&shoutout_to=safety&shoutout_provider=tw,IamaWoman
https://support.google.com/accounts/troubleshooter/2402620?hl=en&rd=2,Problems signing in to your account - Accounts Help
https://www.paypal.com/ewf/f=ci_prv,Contact Us - PayPal
https://support.twitter.com/forms,Twitter Help Center 
http://measurablesecurity.mitre.org/,"Making Security Measurable
    "
https://groups.google.com/forum/?_escaped_fragment_=forum/recaptcha%5B41-60%5D,reCAPTCHA - Google Groups
https://accounts.google.com/ServiceLogin?hl=en&continue=https://support.google.com/accounts/troubleshooter/2402620%3Fhl%3Den%26rd%3D2,Sign in - Google Accounts
https://support.twitter.com/forms/ads,Twitter Help Center 
https://twitter.com/login?redirect_after_login=https%3A%2F%2Fsupport.twitter.com%2Fgroups%2F55-troubleshooting,Login on Twitter
https://twitter.com/intent/tweet?url=https%3A//www.rebelmouse.com/IamaWoman/1032368687.html%3Fxrs=RebelMouse_tw&text=,Share a link on Twitter
https://wikimediafoundation.org/wiki/Tax_Deductibility/en,Tax Deductibility/en - Wikimedia Foundation
https://accounts.google.com/ServiceLogin?service=blogger&passive=1209600&continue=https://www.blogger.com/post-edit.g?blogID%3D3650259870998252242%26postID%3D215332236873493176%26from%3Dpencil&followup=https://www.blogger.com/post-edit.g?blogID%3D3650259870998252242%26postID%3D215332236873493176%26from%3Dpencil&ltmpl=start,Blogger
https://wikimediafoundation.org/wiki/Problems_donating/en,Problems donating - Wikimedia Foundation
https://www.paypal.com/webapps/mpp/merchant?nav=2,Merchant Services &amp; Account Payment Solutions for Your Business – PayPal
http://www.rackspace.com/cloud,Rackspace Managed Cloud Services—More than just infrastructure
https://wikimediafoundation.org/wiki/Ways_to_Give/en,Ways to Give - Wikimedia Foundation
https://www.youtube.com/watch?v=zx_dTSPzXlk&feature=youtu.be,Lana Del Rey - Burning Desire - YouTube
https://twitter.com/login?redirect_after_login=https%3A%2F%2Fsupport.twitter.com%2Fforms,Login on Twitter
https://twitter.com/login?redirect_after_login=https%3A%2F%2Fsupport.twitter.com%2Fforms%2Fads,Login on Twitter
https://accounts.google.com/ServiceLogin?passive=true&continue=https%3A%2F%2Fwww.youtube.com%2Fsignin%3Faction_handle_signin%3Dtrue%26app%3Ddesktop%26next%3D%252Fwatch%253Fv%253Dzx_dTSPzXlk%2526feature%253Dyoutu.be%26hl%3Den%26feature%3Dplaylist&service=youtube&uilel=3&hl=en,YouTube
https://accounts.google.com/SignUp?continue=https%3A%2F%2Fsupport.google.com%2Faccounts%2Ftroubleshooter%2F2402620%3Fhl%3Den%26rd%3D2&hl=en,"
  Create your Google Account
  "
https://accounts.google.com/SignUp?service=blogger&continue=https%3A%2F%2Fwww.blogger.com%2Fpost-edit.g%3FblogID%3D3650259870998252242%26postID%3D215332236873493176%26from%3Dpencil&ltmpl=start,"
  Create your Google Account
  "
https://www.paypal.com/us/webapps/mpp/donations,Accept Donations Online and Nonprofit Fundraising – PayPal
http://wikimediafoundation.org/w/index.php?title=Tax_Deductibility/en&oldid=100480,Tax Deductibility/en - Wikimedia Foundation
https://accounts.google.com/ServiceLogin?continue=https%3A%2F%2Fsupport.google.com%2Faccounts%2Ftroubleshooter%2F2402620%3Fhl%3Den%26rd%3D2&dsh=7452119174826179814,Sign in - Google Accounts
https://accounts.google.com/ServiceLogin?continue=https%3A%2F%2Fwww.blogger.com%2Fpost-edit.g%3FblogID%3D3650259870998252242%26postID%3D215332236873493176%26from%3Dpencil&service=blogger&ltmpl=start&dsh=8893529121888570218,Blogger
http://wikimediafoundation.org/w/index.php?title=Problems_donating&oldid=99110,Problems donating - Wikimedia Foundation
https://wikimediafoundation.org/wiki/FAQ/en,Frequently asked questions - Wikimedia Foundation
https://accounts.google.com/SignUpWithoutGmail?service=youtube&continue=https%3A%2F%2Fwww.youtube.com%2Fsignin%3Faction_handle_signin%3Dtrue%26app%3Ddesktop%26next%3D%252Fwatch%253Fv%253Dzx_dTSPzXlk%2526feature%253Dyoutu.be%26hl%3Den%26feature%3Dplaylist&hl=en,"
  Create your Google Account
  "
https://www.paypal.com/webapps/mpp/fundraise,Fundraise - Collect Money from Fundraising Events with Credit Cards - Paypal
https://www.paypal.com/home,"Send Money, Pay Online or Set Up a Merchant Account - PayPal"
https://accounts.google.com/SignUp?continue=https%3A%2F%2Fsupport.google.com%2Faccounts%2Ftroubleshooter%2F2402620%3Fhl%3Den%26rd%3D2,"
  Create your Google Account
  "
https://groups.google.com/forum/?_escaped_fragment_=forum/recaptcha%5B61-80%5D,reCAPTCHA - Google Groups
https://groups.google.com/forum/?_escaped_fragment_=topic/recaptcha/CG0j-QpJjZs,Question on reCAPTCHA use - Google Groups
https://donate.wikimedia.org/wiki/Special:FundraiserLandingPage?uselang=&country=UG&utm_medium=Waystogive&utm_source=Waystogive&utm_campaign=C11_Waystogive,Make your donation now - Donate
https://www.paypal.com/signup/account?country.x=US&locale.x=en-US,See for yourself why 157 million people love PayPal
http://www.rackspace.com.hk,Hosting Services Provider &amp; Web Hosting Company - Rackspace
http://wikimediafoundation.org/w/index.php?title=FAQ/en&oldid=100268,Frequently asked questions - Wikimedia Foundation
https://accounts.google.com/SignUpWithoutGmail?dsh=8204864251642837931&continue=https%3A%2F%2Fsupport.google.com%2Faccounts%2Ftroubleshooter%2F2402620%3Fhl%3Den%26rd%3D2,"
  Create your Google Account
  "
https://twitter.com/lanadelrey,Lana Del Rey (@LanaDelRey) | Twitter
https://groups.google.com/forum/?_escaped_fragment_=msg/recaptcha/CG0j-QpJjZs/fTfRGSxAACQJ,Question on reCAPTCHA use - Google Groups
https://accounts.google.com/SignUp?dsh=8204864251642837931&continue=https%3A%2F%2Fsupport.google.com%2Faccounts%2Ftroubleshooter%2F2402620%3Fhl%3Den%26rd%3D2,"
  Create your Google Account
  "
https://www.google.com/accounts/recovery/?hl=en&ard=AHwGkRmjRXS1LsJ9MICVBCla6NQmOQcZp2iMw05bauS67OzoCf6gnpR_b6Yp8zVYltPo9dkLC4Fxp7RNMFX8T2cbPEtvf3ypJB9SWzbT9h1Y15zIQfPc1wDcR2JcKWN8Dewm5sYTEtQz2_kZeh0N3UAITo5WixdGmA,Google Account Recovery
http://www.rackspace.com.hk/sitemap,Sitemap | Rackspace Hosting
https://www.google.com/accounts/recovery/?hl=en&ard=AHwGkRm5iLlpa3LV0CTuvKMaLoTlsmV2AlUOxPWOnocFhHbxMD-AmL2l_YdoW3EfEkI7yDYqTgGqzza1DB05ItdAdhuLpOyMOmQXiRMicwVwHymjuw4UGHXN02H4HwvTQNDLe5JJ847LDhUUN3b7aVmVXF1MHD5mQQ&service=youtube,Google Account Recovery
http://www.rackspace.com.hk/legal/website-terms,Rackspace Website Terms of Use | Rackspace Hosting
https://www.youtube.com/watch?v=T5xcnjAG8pE,Lana Del Rey - Brooklyn Baby (Official Audio) - YouTube
https://accounts.google.com/ServiceLogin?continue=https%3A%2F%2Fwww.youtube.com%2Fsignin%3Fapp%3Ddesktop%26action_handle_signin%3Dtrue%26hl%3Den%26next%3D%252Fwatch%253Fv%253DT5xcnjAG8pE%26feature%3Dplaylist&passive=true&service=youtube&hl=en&uilel=3,YouTube
https://www.facebook.com/lanadelrey,Lana Del Rey | Facebook
http://www.rackspace.com.hk/partnernetwork/reseller-program,Rackspace Reseller Program | Rackspace Hosting
http://www.rackspace.com.hk/partnernetwork/referral-program,Rackspace Referral Program | Rackspace Hosting
http://givingworks.ebay.com/charity-information/,eBay for Charity | Charity Information For Nonprofits
https://accounts.google.com/SignUpWithoutGmail?service=youtube&continue=https%3A%2F%2Fwww.youtube.com%2Fsignin%3Fapp%3Ddesktop%26action_handle_signin%3Dtrue%26hl%3Den%26next%3D%252Fwatch%253Fv%253DT5xcnjAG8pE%26feature%3Dplaylist&hl=en,"
  Create your Google Account
  "
http://www.rackspace.com.hk/certifications/isae-3402-type-ii-service-organization-control-soc3-reporting,ISAE 3402 Type II Service Organization Control - SOC3 Reporting | Rackspace Hosting
http://www.rackspace.com.hk/certifications/ssae-16-and-isae-3402,ISAE 3402 Type II Service Organization Control - SOC2 Reporting - Rackspace
http://earthjustice.org/writetobreathe?utm_source=cpc&utm_medium=website&utm_content=writetobreathe&utm_campaign=ej-social,Let’s #WriteToBreathe | Earthjustice
https://groups.google.com/forum/?_escaped_fragment_=forum/recaptcha%5B81-100%5D,reCAPTCHA - Google Groups
https://accounts.google.com/SignUp?dsh=-6546478218955136345&continue=https%3A%2F%2Fwww.youtube.com%2Fsignin%3Fapp%3Ddesktop%26action_handle_signin%3Dtrue%26hl%3Den%26next%3D%252Fwatch%253Fv%253DT5xcnjAG8pE%26feature%3Dplaylist&service=youtube,"
  Create your Google Account
  "
https://twitter.com/LanaDelRey/status/477131898482094080/photo/1,"Lana Del Rey on Twitter: ""CLASH MAGAZINE http://t.co/gQ02dglb8x"""
https://www.eventbrite.com/how-it-works/fundraisers/,How Eventbrite Works: Event Ticketing &amp; Organizing Events
https://accounts.google.com/SignUpWithoutGmail?dsh=-6546478218955136345&continue=https%3A%2F%2Fwww.youtube.com%2Fsignin%3Fapp%3Ddesktop%26action_handle_signin%3Dtrue%26hl%3Den%26next%3D%252Fwatch%253Fv%253DT5xcnjAG8pE%26feature%3Dplaylist&service=youtube,"
  Create your Google Account
  "
https://plus.google.com/+LanaDelRey,Lana Del Rey - Videos - Google+
https://partners.rackspace.com/English/register_email.aspx,"
	Rackspace Partner Program | Registration - Email Address
"
https://www.google.com.sg/webhp?tab=Xw,Google
https://www.google.com/accounts/recovery/?hl=en&ard=AHwGkRmq4tTRZQqkUd-DOkm162oz8r4uI3lCeI4H7myMiqziecDZWzIIvIhvM6EGP3KlUIFgx1tjONS3PDl7uBp4nukPmcLhJXU21F3eAPgYLwY4dF-YARoLscVu4vCJxcAWKDn-t6IRC1XadWfQRwRrRB1UWPxyRQ&service=youtube,Google Account Recovery
https://groups.google.com/forum/?_escaped_fragment_=forum/recaptcha%5B101-120%5D,reCAPTCHA - Google Groups
https://www.google.com,Google
http://pages.ebay.com/help/account/cookies-web-beacons.html,"Cookies, Web Beacons,  and Similar Technologies"
https://www.google.com.sg/,Google
http://developer.eventbrite.com,Eventbrite Developer Resources | APIs &amp; Web Services
https://accounts.google.com/ServiceLogin?hl=en&continue=https://www.google.com.sg/,Sign in - Google Accounts
http://www.rackspace.com/information/legal/websiteterms,Website Terms of Use
http://pages.ebay.com/help/newtoebay/help-with-cookies.html,eBay: Redirect
https://instagram.com/lanadelrey/,"
Instagram
"
https://groups.google.com/forum/?_escaped_fragment_=forum/recaptcha%5B121-140%5D,reCAPTCHA - Google Groups
https://accounts.google.com/SignUp?continue=https%3A%2F%2Fwww.google.com.sg%2F&hl=en,"
  Create your Google Account
  "
https://groups.google.com/forum/?_escaped_fragment_=topic/recaptcha/d6eDrFnFNgc,Docs for v1.0? - Google Groups
https://www.eventbrite.com,"
    Eventbrite - Discover Great Events or Create Your Own &amp; Sell Tickets
"
http://blog.eventbrite.com,Eventbrite Blog - Eventbrite.com
https://accounts.google.com/SignUpWithoutGmail?dsh=3176007971481478037&continue=https%3A%2F%2Fwww.google.com.sg%2F,"
  Create your Google Account
  "
http://www.rackspace.com,Rackspace: We manage your cloud. You run your business.
https://developers.google.com/recaptcha/old/intro,Developer's Guide - reCAPTCHA — Google Developers
http://give.org/charity-reviews/national/environment/earthjustice-in-san-francisco-ca-269,Charity Report - Earthjustice - give.org
http://www.google.com/intl/en/policies/privacy/,Privacy Policy – Privacy &amp; Terms – Google
https://plus.google.com/+GoogleSingapore,Google Singapore - Google+
https://accounts.google.com/SignUp?dsh=3176007971481478037&continue=https%3A%2F%2Fwww.google.com.sg%2F,"
  Create your Google Account
  "
https://fiber.google.com/legal/privacy.html,"
      Privacy Notice – Google Fiber
    "
https://www.youtube.com/user/BBBconsumerTips,"  BBB Advice for Consumers and Small Businesses
 - YouTube"
http://www.rackspace.com/information/legal/copyrights_trademarks,Copyright &amp; Trademarks
https://groups.google.com/forum/?_escaped_fragment_=forum/recaptcha%5B141-160%5D,reCAPTCHA - Google Groups
https://support.google.com/fiber/answer/2476912,Learn about Internet speed - Fiber Help
https://accounts.google.com/ServiceLogin?continue=https%3A%2F%2Fwww.youtube.com%2Fsignin%3Faction_handle_signin%3Dtrue%26next%3D%252Fuser%252FBBBconsumerTips%26app%3Ddesktop%26feature%3Dplaylist%26hl%3Den&hl=en&passive=true&service=youtube&uilel=3,YouTube
https://docs.google.com/forms/d/1VzvltuGEkUBx-aTLDtfbcYyiRIRXH5mUdP2Ydw_C-FM/viewform?c=0&w=1,RSVP: Seminar “Google Ad Grants: Build Online Presence for Your Non-Profits”
https://accounts.google.com/ServiceLogin?hl=en&continue=https://support.google.com/fiber/answer/2476912,Sign in - Google Accounts
http://www.google.com/intl/en/policies/,Privacy &amp; Terms – Google
https://plus.google.com/photos/+GoogleforWork/albums/6120612496778137585/6120612502792218386?e=-RedirectToSandbox&pid=6120612502792218386&oid=117578386194324385666,Photos from posts
https://www.eventbrite.com/privacypolicy/,Eventbrite Privacy Policy
https://accounts.google.com/SignUpWithoutGmail?service=youtube&continue=https%3A%2F%2Fwww.youtube.com%2Fsignin%3Faction_handle_signin%3Dtrue%26next%3D%252Fuser%252FBBBconsumerTips%26app%3Ddesktop%26feature%3Dplaylist%26hl%3Den&hl=en,"
  Create your Google Account
  "
https://accounts.google.com/SignUp?continue=https%3A%2F%2Fsupport.google.com%2Ffiber%2Fanswer%2F2476912&hl=en,"
  Create your Google Account
  "
http://www.eventbrite.com/e/tech-in-asia-singapore-2015-tickets-15109891091?aff=ehomecard,Tech in Asia Singapore 2015- Eventbrite
https://accounts.google.com/ServiceLogin?service=oz&passive=1209600&continue=https://plus.google.com/photos/%2BGoogleforWork/albums/6120612496778137585/6120612502792218386?e%3D-RedirectToSandbox%26pid%3D6120612502792218386%26oid%3D117578386194324385666%26gpsrc%3Dgplp0,Google+
https://accounts.google.com/ServiceLogin?continue=https%3A%2F%2Fwww.youtube.com%2Fsignin%3Faction_handle_signin%3Dtrue%26next%3D%252Fuser%252FBBBconsumerTips%26app%3Ddesktop%26feature%3Dplaylist%26hl%3Den&service=youtube&dsh=-337291583694622891,YouTube
https://groups.google.com/forum/?_escaped_fragment_=forum/recaptcha%5B161-180%5D,reCAPTCHA - Google Groups
https://accounts.google.com/SignUpWithoutGmail?dsh=5835724702387359431&continue=https%3A%2F%2Fsupport.google.com%2Ffiber%2Fanswer%2F2476912,"
  Create your Google Account
  "
https://accounts.google.com/SignUpWithoutGmail?service=youtube&continue=https%3A%2F%2Fwww.youtube.com%2Fsignin%3Faction_handle_signin%3Dtrue%26next%3D%252Fuser%252FBBBconsumerTips%26app%3Ddesktop%26feature%3Dplaylist%26hl%3Den,"
  Create your Google Account
  "
https://www.eventbrite.com/tos/,Eventbrite Terms of Service
https://accounts.google.com/SignUp?service=oz&continue=https%3A%2F%2Fplus.google.com%2Fphotos%2F%2BGoogleforWork%2Falbums%2F6120612496778137585%2F6120612502792218386%3Fe%3D-RedirectToSandbox%26pid%3D6120612502792218386%26oid%3D117578386194324385666%26gpsrc%3Dgplp0,"
  Create your Google Account
  "
http://www.ashleyreneeshouseofjewelry.com,Ashley Renee's House Of Jewelry — Home
https://accounts.google.com/ServiceLogin?continue=https%3A%2F%2Fwww.youtube.com%2Fsignin%3Faction_handle_signin%3Dtrue%26next%3D%252Fuser%252FBBBconsumerTips%26app%3Ddesktop%26feature%3Dplaylist%26hl%3Den&service=youtube&dsh=9162936368635104294,YouTube
https://docs.google.com/document/d/1wcmhw88PIAZ-94QBTK80BopmAZ85LfCyuh766WGAfAA/edit?pli=1,How to color code a folder in Google Drive - Google Docs
https://accounts.google.com/ServiceLogin?continue=https%3A%2F%2Fplus.google.com%2Fphotos%2F%2BGoogleforWork%2Falbums%2F6120612496778137585%2F6120612502792218386%3Fe%3D-RedirectToSandbox%26pid%3D6120612502792218386%26oid%3D117578386194324385666%26gpsrc%3Dgplp0&service=oz&dsh=6900549080039135650,Google+
https://accounts.google.com/SignUp?dsh=5835724702387359431&continue=https%3A%2F%2Fsupport.google.com%2Ffiber%2Fanswer%2F2476912,"
  Create your Google Account
  "
https://support.google.com/docs/answer/2375082?hl=en,System requirements and browsers - Docs editors Help
https://www.bigcartel.com/,"Build a free online store, sell in-person, and run a creative business with Big Cartel"
https://accounts.google.com/ServiceLogin?service=wise&passive=1209600&continue=https%3A%2F%2Fdocs.google.com%2Fdocument%2Fd%2F1wcmhw88PIAZ-94QBTK80BopmAZ85LfCyuh766WGAfAA%2Fedit%3Fpli%3D1&followup=https%3A%2F%2Fdocs.google.com%2Fdocument%2Fd%2F1wcmhw88PIAZ-94QBTK80BopmAZ85LfCyuh766WGAfAA%2Fedit%3Fpli%3D1&ltmpl=docs,"Google Docs - create and edit documents online, for free."
https://www.google.com/docs/about/,"
      Google Docs - create and edit documents online, for free.
    "
http://www.rackspace.com/forms/logorequest,Contact Rackspace Legal For Requesting Our Logo
https://support.apple.com/en-us/HT201260,Finding the OS X version and build information on your Mac - Apple Support
https://help.bigcartel.com/legal/,Legal - Big Cartel Help
https://accounts.google.com/SignUp?service=wise&continue=https%3A%2F%2Fdocs.google.com%2Fdocument%2Fd%2F1wcmhw88PIAZ-94QBTK80BopmAZ85LfCyuh766WGAfAA%2Fedit%3Fpli%3D1&ltmpl=docs,"
  Create your Google Account
  "
https://support.google.com/docs/,Docs editors Help
https://www.eventbrite.com/signup/?referrer=/e/tech-in-asia-singapore-2015-tickets-15109891091%3Faff%3Dehomecard&user_type=&user_type_sig=,Eventbrite - Sign up
https://cloud.google.com/?hl=en,"Google Cloud Computing, Hosting Services &amp; Cloud Support — Google Cloud Platform"
https://accounts.google.com/ServiceLogin?hl=en&continue=https://support.google.com/docs/,Sign in - Google Accounts
https://accounts.google.com/SignUpWithoutGmail?dsh=4537740269980796315&continue=https%3A%2F%2Fdocs.google.com%2Fdocument%2Fd%2F1wcmhw88PIAZ-94QBTK80BopmAZ85LfCyuh766WGAfAA%2Fedit%3Fpli%3D1&service=wise,"
  Create your Google Account
  "
https://instagram.com/ashleyreneeshouseofjewelry/,"
Instagram
"
https://www.google.com/accounts/recovery/?hl=en&ard=AHwGkRnLOKOxNPYkamrjj0LeiF53v1Io1rtkdSCQ49zXuxEnQTT3vrJ3Dww1Wz2aszfxEpCTCA39yhPPuC96OmJKCFMpP5biDCRu-0shfIHHizaacRIB8Yh8-p_t5BP1nIG8hLNynaGWWwCvLtrqMbIjiXx1ofN3Fw,Google Account Recovery
https://productforums.google.com/forum/?_escaped_fragment_=forum/docs,Google Docs Help Forum - Google Product Forums
https://accounts.google.com/ServiceLogin?continue=https%3A%2F%2Fdocs.google.com%2Fdocument%2Fd%2F1wcmhw88PIAZ-94QBTK80BopmAZ85LfCyuh766WGAfAA%2Fedit%3Fpli%3D1&service=wise&dsh=4537740269980796315,Meet Google Drive – One place for all your files
https://developers.google.com/site-terms,Google Developers Site Terms of Service — Google Developers
https://accounts.google.com/SignUp?continue=https%3A%2F%2Fsupport.google.com%2Fdocs%2F&hl=en,"
  Create your Google Account
  "
https://accounts.google.com/SignUp?dsh=4537740269980796315&continue=https%3A%2F%2Fdocs.google.com%2Fdocument%2Fd%2F1wcmhw88PIAZ-94QBTK80BopmAZ85LfCyuh766WGAfAA%2Fedit%3Fpli%3D1&service=wise,"
  Create your Google Account
  "
https://www.eventbrite.com/tos/buyersandothers,Eventbrite Terms of Service
https://discussions.apple.com/article/HT201260?filter=qa,Browse - Content | Apple Support Communities
https://accounts.google.com/SignUp?service=wise&continue=https%3A%2F%2Fdocs.google.com%2Fdocument%2Fd%2F1wcmhw88PIAZ-94QBTK80BopmAZ85LfCyuh766WGAfAA%2Fedit%3Fpli%3D1,"
  Create your Google Account
  "
https://accounts.google.com/ServiceLogin?continue=https%3A%2F%2Fsupport.google.com%2Fdocs%2F&dsh=4556577705621607967,Sign in - Google Accounts
http://www.apple.com/support/country/,Choose your country or region - Apple Support
https://accounts.google.com/SignUpWithoutGmail?dsh=4556577705621607967&continue=https%3A%2F%2Fsupport.google.com%2Fdocs%2F,"
  Create your Google Account
  "
https://cert.webtrust.org/soc3_rackspace.html,Rackspace
https://accounts.google.com/ServiceLogin?continue=https%3A%2F%2Fdocs.google.com%2Fdocument%2Fd%2F1wcmhw88PIAZ-94QBTK80BopmAZ85LfCyuh766WGAfAA%2Fedit%3Fpli%3D1&service=wise&dsh=-6884517823581075706,Meet Google Drive – One place for all your files
https://accounts.google.com/SignUpWithoutGmail?dsh=-6884517823581075706&continue=https%3A%2F%2Fdocs.google.com%2Fdocument%2Fd%2F1wcmhw88PIAZ-94QBTK80BopmAZ85LfCyuh766WGAfAA%2Fedit%3Fpli%3D1&service=wise,"
  Create your Google Account
  "
https://accounts.google.com/SignUp?continue=https%3A%2F%2Fsupport.google.com%2Fdocs%2F,"
  Create your Google Account
  "
https://www.eventbrite.com/login/,Eventbrite - Log in to your Eventbrite account
http://www.po.st,Social Sharing Platform and Free Link Shortener - Social Media Share Button - Po.st
https://accounts.google.com/ServiceLogin?continue=https%3A%2F%2Fsupport.google.com%2Fdocs%2F&dsh=-7263845064098790045,Sign in - Google Accounts
https://accounts.google.com/SignUp?dsh=4556577705621607967&continue=https%3A%2F%2Fsupport.google.com%2Fdocs%2F,"
  Create your Google Account
  "
https://accounts.google.com/SignUp?dsh=-6884517823581075706&continue=https%3A%2F%2Fdocs.google.com%2Fdocument%2Fd%2F1wcmhw88PIAZ-94QBTK80BopmAZ85LfCyuh766WGAfAA%2Fedit%3Fpli%3D1&service=wise,"
  Create your Google Account
  "
https://accounts.google.com/SignUpWithoutGmail?dsh=-7263845064098790045&continue=https%3A%2F%2Fsupport.google.com%2Fdocs%2F,"
  Create your Google Account
  "
https://www.google.com/accounts/recovery/?hl=en&ard=AHwGkRkLOyATC-heED7Jx8AxlrnknO62byFUtNs8eyUp7mPd9vCcV4HcOBYPJlg9Cgw4tupK4CeisfTf6VbmDSFyrx3yq5NJVjNMjwCugwIwwseiK3ym9DWGFiDCDjDMIGtIm9eF4l_mtMoArKMyG2Jwo_B6ypVJEw,Google Account Recovery
https://www.eventbrite.com/login/?referrer=%2Ftos%2Fbuyersandothers%3Fshow_onboarding%3D1,Eventbrite - Log in to your Eventbrite account
https://www.eventbrite.com/signup/?referrer=%2Ftos%2Fbuyersandothers%3Fshow_onboarding%3D1&user_type=prebuyer&user_type_sig=AH_ElWHNQg46oaOx0KbXTJPuA2mcja2OEA,Eventbrite - Sign up
https://accounts.google.com/SignUp?dsh=-7263845064098790045&continue=https%3A%2F%2Fsupport.google.com%2Fdocs%2F,"
  Create your Google Account
  "
http://www.rackspace.com/information/legal/aup/,Global Acceptable Use Policy
http://www.rackspace.com/managed_hosting/support/servicelevels/managedsla/,Hosting Provider with Industry Leading Service Level Agreement
https://developer.rackspace.com,Rackspace Developer Center
https://twitter.com/po_st,Po.st (@Po_st) | Twitter
https://www.po.st/portal/register?from=topnav,Sign Up - Po.st
https://productforums.google.com/forum/?_escaped_fragment_=categories/docs/other-browser,Google Docs Help Forum - Google Product Forums
https://www.po.st/get-it,Social Sharing Buttons - Add Social Sharing Tools to Websites and Blogs - Po.st
https://www.po.st/portal/login?from=topnav,Sign In - Po.st
https://productforums.google.com/forum/?_escaped_fragment_=categories/docs/na--mobile-app,Google Docs Help Forum - Google Product Forums
https://productforums.google.com/forum/?_escaped_fragment_=categories/docs/internet-explorer,Google Docs Help Forum - Google Product Forums
http://www.rackspace.com/information/legal/aup,Global Acceptable Use Policy
http://paypal.constantcontact.com/event-marketing,"
Online Event Marketing and Management - Constant Contact"
http://www.rackspace.com/about/,About Rackspace: The number one Managed Cloud company
http://www.po.st/terms.html,Terms and Conditions - Po.st: Social sharing buttons that generate revenue
https://productforums.google.com/forum/?_escaped_fragment_=categories/docs/other-browser%5B21-40%5D,Google Docs Help Forum - Google Product Forums
http://www.po.st/contact-us.html,Contact Us - Social Media Sharing Tools and Services - Po.st
https://blog.po.st/,"
        Po.st Blog | The Most Advanced Social Sharing Platform    "
http://www.po.st/press.html,Press/News - Po.st: Social sharing buttons that generate revenue
https://groups.google.com/forum/?_escaped_fragment_=forum/recaptcha%5B181-200%5D,reCAPTCHA - Google Groups
https://productforums.google.com/forum/?_escaped_fragment_=categories/docs/internet-explorer%5B21-40%5D,Google Docs Help Forum - Google Product Forums
http://blogs.constantcontact.com/all-constant-contact-social-media/,We're All Over Social Media | Constant Contact Blogs
https://productforums.google.com/forum/?_escaped_fragment_=categories/docs/other-browser%5B41-60%5D,Google Docs Help Forum - Google Product Forums
https://productforums.google.com/forum/?_escaped_fragment_=categories/docs/na--mobile-app%5B21-40%5D,Google Docs Help Forum - Google Product Forums
http://www.rackspace.com/blog/the-cloud-price-war-versus-the-true-value-of-cloud/,The Cloud Price War Versus The True Value Of Cloud
https://www.facebook.com/PostPlatform,Po.st | Facebook
https://plus.google.com/+constantcontact,Constant Contact - Google+
https://blog.po.st/page/2,"
        Po.st Blog | The Most Advanced Social Sharing Platform    "
https://www.pinterest.com/constantcontact/,Constant Contact on Pinterest
https://groups.google.com/forum/?_escaped_fragment_=forum/recaptcha%5B201-220%5D,reCAPTCHA - Google Groups
http://www.constantcontact.com/legal/anti-spam,"
Anti-Spam Policy - Constant Contact"
https://productforums.google.com/forum/?_escaped_fragment_=categories/docs/internet-explorer%5B41-60%5D,Google Docs Help Forum - Google Product Forums
http://www.adweek.com/socialtimes/first-twitter-followers/616139,10 Ways Businesses Can Earn Their First 100 Twitter Followers | SocialTimes
https://productforums.google.com/forum/?_escaped_fragment_=categories/docs/other-browser%5B61-80%5D,Google Docs Help Forum - Google Product Forums
https://productforums.google.com/forum/?_escaped_fragment_=categories/docs/na--mobile-app%5B41-60%5D,Google Docs Help Forum - Google Product Forums
https://productforums.google.com/forum/?_escaped_fragment_=topic/docs/3CRbvkZJzKM,Regole di notifica - Google Product Forums
https://productforums.google.com/forum/?_escaped_fragment_=topic/docs/s1aQGGo1RUI,gracie freudenthals question - Google Product Forums
https://blog.po.st/page/3,"
        Po.st Blog | The Most Advanced Social Sharing Platform    "
https://productforums.google.com/forum/?_escaped_fragment_=categories/docs/internet-explorer%5B61-80%5D,Google Docs Help Forum - Google Product Forums
https://groups.google.com/forum/?_escaped_fragment_=forum/recaptcha%5B221-240%5D,reCAPTCHA - Google Groups
https://productforums.google.com/forum/?_escaped_fragment_=categories/docs/other-browser%5B81-100%5D,Google Docs Help Forum - Google Product Forums
https://productforums.google.com/forum/?_escaped_fragment_=categories/docs/na--mobile-app%5B61-80%5D,Google Docs Help Forum - Google Product Forums
https://productforums.google.com/forum/?_escaped_fragment_=categories/docs/internet-explorer%5B81-100%5D,Google Docs Help Forum - Google Product Forums
https://groups.google.com/forum/?_escaped_fragment_=topic/recaptcha/Hpg8k0oPsmk,Audio download URL denied by browser in IE8 when using fallback alternative - Google Groups
http://www.rackspace.com/talent/,Racker Talent
https://blog.po.st/page/4,"
        Po.st Blog | The Most Advanced Social Sharing Platform    "
https://productforums.google.com/forum/?_escaped_fragment_=msg/docs/3CRbvkZJzKM/wh6P1TxWExkJ,Regole di notifica - Google Product Forums
https://groups.google.com/forum/?_escaped_fragment_=forum/recaptcha%5B241-260%5D,reCAPTCHA - Google Groups
https://productforums.google.com/forum/?_escaped_fragment_=categories/docs/na--mobile-app%5B81-100%5D,Google Docs Help Forum - Google Product Forums
https://productforums.google.com/forum/?_escaped_fragment_=msg/docs/s1aQGGo1RUI/Snkzkx8pd-8J,Re: gracie freudenthals question - Google Product Forums
https://productforums.google.com/forum/?_escaped_fragment_=categories/docs/other-browser%5B101-120%5D,Google Docs Help Forum - Google Product Forums
https://productforums.google.com/forum/?_escaped_fragment_=categories/docs/internet-explorer%5B101-120%5D,Google Docs Help Forum - Google Product Forums
http://stories.rackspace.com,RackStories 
https://productforums.google.com/forum/?_escaped_fragment_=categories/docs/other-browser%5B121-140%5D,Google Docs Help Forum - Google Product Forums
https://productforums.google.com/forum/?_escaped_fragment_=categories/docs/na--mobile-app%5B101-120%5D,Google Docs Help Forum - Google Product Forums
https://groups.google.com/forum/?_escaped_fragment_=forum/recaptcha%5B261-280%5D,reCAPTCHA - Google Groups
https://blog.po.st/page/5,"
        Po.st Blog | The Most Advanced Social Sharing Platform    "
http://radiumone.com/privacy/,Privacy - RadiumOne - We Know Your Next Customer
https://productforums.google.com/forum/?_escaped_fragment_=topic/docs/yCEBUy33Zdg,Google doc app on ipad - Google Product Forums
https://productforums.google.com/forum/?_escaped_fragment_=msg/docs/s1aQGGo1RUI/2flhrY_wfGQJ,gracie freudenthals question - Google Product Forums
http://www.rackspace.com/information/legal/copyrights_trademarks/,Copyright &amp; Trademarks
https://productforums.google.com/forum/?_escaped_fragment_=categories/docs/internet-explorer%5B121-140%5D,Google Docs Help Forum - Google Product Forums
https://productforums.google.com/forum/?_escaped_fragment_=categories/docs/na--mobile-app%5B121-140%5D,Google Docs Help Forum - Google Product Forums
https://blog.po.st/event-recap-ny-daily-conversations-panel,"
    Event Recap: NY Daily Conversations Panel |     Po.st Blog | The Most Advanced Social Sharing Platform    "
https://blog.po.st/shares-for-scares,"
    Shares for Scares |     Po.st Blog | The Most Advanced Social Sharing Platform    "
https://productforums.google.com/forum/?_escaped_fragment_=categories/docs/other-browser%5B141-160%5D,Google Docs Help Forum - Google Product Forums
https://blog.po.st/top-shared-keywords-for-october,"
    Top Shared Keywords for October |     Po.st Blog | The Most Advanced Social Sharing Platform    "
https://groups.google.com/forum/?_escaped_fragment_=forum/recaptcha%5B281-300%5D,reCAPTCHA - Google Groups
https://blog.po.st/page/6,"
        Po.st Blog | The Most Advanced Social Sharing Platform    "
https://twitter.com/radiumone,RadiumOne (@RadiumOne) | Twitter
https://productforums.google.com/forum/?_escaped_fragment_=categories/docs/na--mobile-app%5B141-160%5D,Google Docs Help Forum - Google Product Forums
http://www.engagementmarketing.com/,Engagement Marketing - How Small Business Wins in a Socially Connected World
https://productforums.google.com/forum/?_escaped_fragment_=topic/docs/Bz-NXPMLiQc,Print Securely using Google Documents - Google Product Forums
https://productforums.google.com/forum/?_escaped_fragment_=categories/docs/internet-explorer%5B141-160%5D,Google Docs Help Forum - Google Product Forums
https://productforums.google.com/forum/?_escaped_fragment_=categories/docs/other-browser%5B161-180%5D,Google Docs Help Forum - Google Product Forums
https://groups.google.com/forum/?_escaped_fragment_=forum/recaptcha%5B301-320%5D,reCAPTCHA - Google Groups
http://enable-javascript.com/,"
	How to enable JavaScript in your browser and why
"
https://blog.po.st/how-to-implement-your-vanity-domain-for-the-sharing-tool,"
    How to Implement Your Vanity Domain With Po.st |     Po.st Blog | The Most Advanced Social Sharing Platform    "
http://www.google.com/recaptcha/mailhide/d?k=01c2zKRvkGJ1xEfnmbkfJd2g==&c=wQiBpJFaqlDQN_vnFG47U3x19r_k2f45y6dA9kBUGbE=,reCAPTCHA Mailhide: Free Spam Protection
http://www.cauce.org,CAUCE
https://twitter.com/RadiumOne/status/573237812075622400/photo/1,"RadiumOne on Twitter: ""If you're at #GDC15, stop by booth #842 and learn about how to monetize your #mobileapp! @Official_GDC  #gaming http://t.co/x2rClD1ygI"""
https://productforums.google.com/forum/?_escaped_fragment_=categories/docs/na--mobile-app%5B161-180%5D,Google Docs Help Forum - Google Product Forums
https://productforums.google.com/forum/?_escaped_fragment_=categories/docs/internet-explorer%5B161-180%5D,Google Docs Help Forum - Google Product Forums
https://blog.po.st/share-text-launch,"
    New Share Text Feature Launched to Track Copy &amp; Paste Activities |     Po.st Blog | The Most Advanced Social Sharing Platform    "
https://productforums.google.com/forum/?_escaped_fragment_=categories/docs/other-browser%5B181-200%5D,Google Docs Help Forum - Google Product Forums
https://www.po.st/portal/login,Sign In - Po.st
https://groups.google.com/forum/?_escaped_fragment_=forum/recaptcha%5B321-340%5D,reCAPTCHA - Google Groups
https://blog.po.st/tag/vanity-domains,"
    vanity domains |     Po.st Blog | The Most Advanced Social Sharing Platform    "
https://productforums.google.com/forum/?_escaped_fragment_=msg/docs/yCEBUy33Zdg/my__CW9fN3EJ,Google doc app on ipad - Google Product Forums
https://productforums.google.com/forum/?_escaped_fragment_=msg/docs/yCEBUy33Zdg/gHaKMshAIaUJ,Re: Google doc app on ipad - Google Product Forums
https://productforums.google.com/forum/?_escaped_fragment_=msg/docs/Bz-NXPMLiQc/3cBE4l2p_4AJ,Re: Print Securely using Google Documents - Google Product Forums
https://productforums.google.com/forum/?_escaped_fragment_=categories/docs/other-browser%5B201-220%5D,Google Docs Help Forum - Google Product Forums
https://productforums.google.com/forum/?_escaped_fragment_=msg/docs/yCEBUy33Zdg/q7aq3yR28RsJ,Re: Google doc app on ipad - Google Product Forums
https://blog.po.st/tag/short-domains,"
    short domains |     Po.st Blog | The Most Advanced Social Sharing Platform    "
https://blog.po.st/sports-publishers-scored-big-with-online-fan-engagement,"
    Sports Publishers Score Big with Online Fan Engagement |     Po.st Blog | The Most Advanced Social Sharing Platform    "
https://www.quantcast.com/p-fcYWUmj5YbYKM,"
    
      
        TypePad Network Traffic and Demographic Statistics by Quantcast
      
      
    
  "
https://productforums.google.com/forum/?_escaped_fragment_=categories/docs/na--mobile-app%5B181-200%5D,Google Docs Help Forum - Google Product Forums
https://productforums.google.com/forum/?_escaped_fragment_=topic/docs/szWXYhFLPMk,Sudden typing lag? - Google Product Forums
https://groups.google.com/forum/?_escaped_fragment_=forum/recaptcha%5B341-360%5D,reCAPTCHA - Google Groups
https://groups.google.com/forum/?_escaped_fragment_=topic/recaptcha/SIN_I3w0aTU,Need help with new reCaptcha - Google Groups
https://groups.google.com/forum/?_escaped_fragment_=topic/recaptcha/SSKDiZMgBUE,Django module for new-style reCaptcha - Google Groups
https://productforums.google.com/forum/?_escaped_fragment_=categories/docs/na--mobile-app%5B201-220%5D,Google Docs Help Forum - Google Product Forums
http://www.typepad.com/,Typepad. Share your passions with the world. | Typepad
https://blog.po.st/weekly-recap-080813,"
    What You Might Have Missed: Week of 8/5 |     Po.st Blog | The Most Advanced Social Sharing Platform    "
https://productforums.google.com/forum/?_escaped_fragment_=categories/docs/other-browser%5B221-240%5D,Google Docs Help Forum - Google Product Forums
https://pypi.python.org/pypi/django-nocaptcha-recaptcha/,django-nocaptcha-recaptcha 0.0.18 : Python Package Index
https://groups.google.com/forum/?_escaped_fragment_=forum/recaptcha%5B361-380%5D,reCAPTCHA - Google Groups
http://help.typepad.com/copyright_infringement_info.html,Knowledge Base: Copyright Infringement Information
https://productforums.google.com/forum/?_escaped_fragment_=msg/docs/szWXYhFLPMk/_EyYT_04GIIJ,Re: Sudden typing lag? - Google Product Forums
https://productforums.google.com/forum/?_escaped_fragment_=topic/docs/fAMXkyDh5Fc,Header margins smaller than body margins - Google Product Forums
https://productforums.google.com/forum/?_escaped_fragment_=msg/docs/szWXYhFLPMk/NIK-DWDj8kIJ,Re: Sudden typing lag? - Google Prod